iso3,iso_num,name,region,tfr,tfr_year,population,broadband,income_pc,home_value,fem_bachelors,flfp,urbanisation,social_capital,religiosity
AL,1,Alabama,South,1.862,2022,5074296.0,87.4,33777.0,200900.0,29.8,53.8,57.7,,
AK,2,Alaska,West,2.023,2022,733583.0,91.6,43054.0,336900.0,33.9,61.9,64.9,,
AZ,4,Arizona,West,1.812,2022,7359197.0,91.1,39819.0,402800.0,33.2,55.5,89.3,,
AR,5,Arkansas,South,2.047,2022,3045637.0,86.8,31380.0,179800.0,27.2,53.0,55.5,,
CA,6,California,West,1.682,2022,39029342.0,93.4,46661.0,715900.0,37.9,58.4,94.2,,
CO,8,Colorado,West,1.679,2022,5839926.0,93.2,49071.0,531100.0,47.3,63.9,86.0,,
CT,9,Connecticut,Northeast,1.643,2022,3626205.0,92.1,51581.0,347200.0,43.6,61.3,86.3,,
DE,10,Delaware,South,2.015,2022,1018396.0,92.5,42571.0,337200.0,37.2,58.9,82.6,,
DC,11,District of Columbia,South,1.27,2022,671803.0,92.8,71699.0,711100.0,63.8,70.1,100.0,,
FL,12,Florida,South,1.747,2022,22244823.0,91.7,40278.0,354100.0,34.8,55.1,91.5,,
GA,13,Georgia,South,2.014,2022,10912876.0,91.2,38378.0,297400.0,35.9,59.4,74.1,,
HI,15,Hawaii,West,1.766,2022,1440196.0,91.3,42710.0,820100.0,37.5,59.0,86.1,,
ID,16,Idaho,West,2.037,2022,1939033.0,92.1,35980.0,432500.0,33.1,57.1,69.2,,
IL,17,Illinois,Midwest,1.775,2022,12582032.0,90.7,43317.0,251600.0,38.9,60.4,86.9,,
IN,18,Indiana,Midwest,2.039,2022,6833037.0,90.1,35984.0,208700.0,30.5,59.0,71.2,,
IA,19,Iowa,Midwest,2.071,2022,3200517.0,89.6,38917.0,194600.0,34.2,62.6,63.2,,
KS,20,Kansas,Midwest,1.962,2022,2937150.0,90.8,37919.0,206600.0,37.1,60.9,72.3,,
KY,21,Kentucky,South,1.964,2022,4512310.0,89.1,33980.0,196300.0,29.2,55.5,58.7,,
LA,22,Louisiana,South,2.057,2022,4590241.0,85.4,32171.0,209200.0,29.4,56.1,71.5,,
ME,23,Maine,Northeast,1.981,2022,1385340.0,90.7,41188.0,290600.0,38.8,59.3,38.6,,
MD,24,Maryland,South,1.76,2022,6164660.0,92.4,49236.0,398100.0,45.1,62.8,85.6,,
MA,25,Massachusetts,Northeast,1.52,2022,6981974.0,92.9,54025.0,534700.0,47.5,63.3,91.3,,
MI,26,Michigan,Midwest,1.758,2022,10034118.0,90.5,38151.0,224400.0,33.0,57.3,73.5,,
MN,27,Minnesota,Midwest,1.891,2022,5717184.0,92.0,45021.0,314600.0,41.0,64.2,71.9,,
MS,28,Mississippi,South,2.14,2022,2940057.0,84.3,29045.0,162500.0,27.5,53.6,46.3,,
MO,29,Missouri,Midwest,1.85,2022,6177957.0,89.5,36640.0,221200.0,33.6,58.9,69.5,,
MT,30,Montana,West,2.418,2022,1122867.0,89.2,38329.0,366400.0,36.2,60.3,53.4,,
NE,31,Nebraska,Midwest,2.14,2022,1967923.0,90.2,38997.0,232400.0,36.3,63.5,73.0,,
NV,32,Nevada,West,1.934,2022,3177772.0,91.5,38183.0,434700.0,28.2,58.6,94.1,,
NH,33,New Hampshire,Northeast,1.665,2022,1395231.0,93.9,49281.0,384700.0,42.2,61.9,58.3,,
NJ,34,New Jersey,Northeast,1.786,2022,9261699.0,93.0,51272.0,428900.0,44.1,60.9,93.8,,
NM,35,New Mexico,West,1.857,2022,2113344.0,86.6,33916.0,243100.0,32.9,54.2,74.5,,
NY,36,New York,Northeast,1.757,2022,19677151.0,90.4,47421.0,400400.0,41.5,59.0,87.4,,
NC,37,North Carolina,South,1.812,2022,10698973.0,90.2,38701.0,280600.0,37.5,58.1,66.7,,
ND,38,North Dakota,Midwest,2.049,2022,779261.0,89.4,41800.0,243100.0,36.0,64.5,61.0,,
OH,39,Ohio,Midwest,1.941,2022,11756058.0,90.4,37932.0,204100.0,33.3,58.8,76.3,,
OK,40,Oklahoma,South,2.058,2022,4019800.0,88.6,32930.0,191700.0,29.5,55.8,64.6,,
OR,41,Oregon,West,1.554,2022,4240137.0,92.4,42474.0,475600.0,37.8,58.7,80.5,,
PA,42,Pennsylvania,Northeast,1.827,2022,12972008.0,89.9,41489.0,245500.0,36.1,58.7,76.5,,
RI,44,Rhode Island,Northeast,1.577,2022,1093734.0,91.4,44538.0,383900.0,40.1,61.3,91.1,,
SC,45,South Carolina,South,1.879,2022,5282634.0,89.2,36675.0,254600.0,33.4,56.5,67.9,,
SD,46,South Dakota,Midwest,2.703,2022,909824.0,89.9,37618.0,245000.0,34.5,63.3,57.2,,
TN,47,Tennessee,South,1.755,2022,7051339.0,89.6,36704.0,284800.0,32.3,57.4,66.2,,
TX,48,Texas,South,2.007,2022,30029572.0,91.5,38123.0,275400.0,34.8,59.3,83.7,,
UT,49,Utah,West,2.075,2022,3380800.0,93.6,38514.0,499500.0,36.5,62.5,89.8,,
VT,50,Vermont,Northeast,1.77,2022,647064.0,90.7,42251.0,304700.0,48.0,62.7,35.1,,
VA,51,Virginia,South,1.823,2022,8683619.0,90.9,47199.0,365700.0,43.1,60.5,75.6,,
WA,53,Washington,West,1.705,2022,7785786.0,93.6,50764.0,569500.0,40.2,58.9,83.4,,
WV,54,West Virginia,South,1.913,2022,1775156.0,86.4,31922.0,155100.0,26.3,49.7,44.6,,
WI,55,Wisconsin,Midwest,1.829,2022,5892539.0,90.6,40188.0,252800.0,35.4,61.4,67.1,,
WY,56,Wyoming,West,2.126,2022,581381.0,89.5,38114.0,292300.0,32.2,61.1,62.0,,
